{"chords": [[2.2058956916099772, "Bsus4"], [8.243083900226758, "G#m11"], [16.648707482993196, "F#6sus4"], [19.922721088435374, "B11"], [28.676643990929705, "F#m13"], [45.39501133786848, "F#11"], [50.78204081632653, "E11"], [53.939954648526076, "F#11"], [54.84553287981859, "F#11"], [66.61804988662132, "Bm11"], [68.49886621315193, "Amaj7#11"], [81.66458049886621, "Bm11"], [82.33795918367348, "B6sus4"], [89.83800453514739, "Bmaj7#11"], [90.95256235827664, "AM9"], [91.9742403628118, "F#m11"], [95.17859410430839, "Bmaj7#11"], [97.2451700680272, "B6sus4"], [101.63374149659865, "Emaj7#11"], [102.37678004535148, "Bm11"], [105.09351473922902, "B11"], [108.64616780045351, "E11"], [109.36598639455782, "Emaj7#11"], [109.99292517006803, "Bm11"], [112.01306122448979, "Bm11"], [115.51927437641723, "E11"], [120.7437641723356, "Bmaj7#11"], [129.01006802721088, "Bm11"], [129.4512471655329, "Bm11"], [134.39709750566894, "F#m11"], [136.46367346938774, "Em11"], [150.8368253968254, "Bmaj7#11"], [151.9978231292517, "B6sus4"], [154.041179138322, "F#m11"], [160.42666666666668, "Bm11"], [164.76879818594105, "BM9"], [165.83691609977325, "Bmaj7#11"], [169.06448979591838, "Asus2"], [169.73786848072564, "F#m11"], [170.20226757369613, "F#m13"], [172.98866213151928, "Bsus2"], [174.01034013605442, "Bsus2"], [175.75183673469388, "BmM7"], [176.19301587301587, "DM9"], [177.26113378684806, "A6sus4"], [177.60943310657598, "Asus2"], [178.02739229024942, "A6sus4"], [179.37414965986395, "EM9"], [180.46548752834468, "E11"], [181.74258503401362, "Emaj7#11"], [185.68997732426303, "Bm11"], [187.38503401360543, "B11"], [196.11573696145123, "Emaj7#11"], [196.5336961451247, "E11"], [200.13278911564626, "Bm11"], [206.75047619047618, "B6sus4"], [207.56317460317462, "Bm11"], [213.6235827664399, "Em11"], [214.97034013605443, "Em11"], [220.49668934240364, "F#6sus4"], [222.4239455782313, "F#6sus4"], [224.02612244897958, "Bm11"], [226.04625850340136, "EM9"], [228.62367346938777, "Bm11"], [229.59891156462584, "Bm11"], [238.60825396825396, "Bsus4"]], "key_signature": "B Major", "stats": {"cache_hit": false, "audio_duration": 246.32, "total_frames": 10609, "chord_changes": 66, "key_confidence": 0.06874892636207708, "performance_mode": false, "harmonic_complexity": 0.3333333333333333, "estimated_tempo": 129.19921875}}